domain,page,url,http_status,bytes
aitechviral.com,home,https://aitechviral.com,200,115295
aitechviral.com,pricing,https://aitechviral.com/pricing,404,20406
aitechviral.com,submit,https://aitechviral.com/submit,200,21897
aitechviral.com,robots,https://aitechviral.com/robots.txt,200,120
1000.tools,home,https://1000.tools,200,105435
1000.tools,pricing,https://1000.tools/pricing,404,6586
1000.tools,submit,https://1000.tools/submit,404,6586
1000.tools,robots,https://1000.tools/robots.txt,200,32
acidtools.com,home,https://acidtools.com,200,204609
acidtools.com,pricing,https://acidtools.com/pricing,404,20943
acidtools.com,submit,https://acidtools.com/submit,200,22372
acidtools.com,robots,https://acidtools.com/robots.txt,200,118
aimarketing.directory,home,https://aimarketing.directory,200,1591690
aimarketing.directory,pricing,https://aimarketing.directory/pricing,404,7384
aimarketing.directory,submit,https://aimarketing.directory/submit,200,237334
aimarketing.directory,robots,https://aimarketing.directory/robots.txt,200,78
aidir.wiki,home,https://aidir.wiki,200,104501
aidir.wiki,pricing,https://aidir.wiki/pricing,404,26590
aidir.wiki,submit,https://aidir.wiki/submit,200,30807
aidir.wiki,robots,https://aidir.wiki/robots.txt,200,1836
aiparabellum.com,home,https://aiparabellum.com,200,382124
aiparabellum.com,pricing,https://aiparabellum.com/pricing,404,273510
aiparabellum.com,submit,https://aiparabellum.com/submit,200,296627
aiparabellum.com,robots,https://aiparabellum.com/robots.txt,200,81
affonso.io,home,https://affonso.io,200,442182
affonso.io,pricing,https://affonso.io/pricing,200,936275
affonso.io,submit,https://affonso.io/submit,404,166636
affonso.io,robots,https://affonso.io/robots.txt,200,475
aiagentstore.ai,home,https://aiagentstore.ai,200,1143651
aiagentstore.ai,pricing,https://aiagentstore.ai/pricing,200,52797
aiagentstore.ai,submit,https://aiagentstore.ai/submit,404,54649
aiagentstore.ai,robots,https://aiagentstore.ai/robots.txt,200,122
aitools.fyi,home,https://aitools.fyi,200,336331
aitools.fyi,pricing,https://aitools.fyi/pricing,404,29779
aitools.fyi,submit,https://aitools.fyi/submit,200,65977
aitools.fyi,robots,https://aitools.fyi/robots.txt,403,59
alternativeto.net,home,https://alternativeto.net,200,870460
alternativeto.net,pricing,https://alternativeto.net/pricing,403,5685
alternativeto.net,submit,https://alternativeto.net/submit,403,5682
alternativeto.net,robots,https://alternativeto.net/robots.txt,200,1080
aiwith.me,home,https://aiwith.me,200,757188
aiwith.me,pricing,https://aiwith.me/pricing,200,172242
aiwith.me,submit,https://aiwith.me/submit,200,170881
aiwith.me,robots,https://aiwith.me/robots.txt,200,63
aitooltrek.com,home,https://aitooltrek.com,200,187834
aitooltrek.com,pricing,https://aitooltrek.com/pricing,200,47750
aitooltrek.com,submit,https://aitooltrek.com/submit,200,96084
aitooltrek.com,robots,https://aitooltrek.com/robots.txt,200,176
aitools.inc,home,https://aitools.inc,200,781014
aitools.inc,pricing,https://aitools.inc/pricing,404,41053
aitools.inc,submit,https://aitools.inc/submit,200,60546
aitools.inc,robots,https://aitools.inc/robots.txt,200,89
auraplusplus.com,home,https://auraplusplus.com,200,504235
auraplusplus.com,pricing,https://auraplusplus.com/pricing,200,412334
auraplusplus.com,submit,https://auraplusplus.com/submit,404,192880
auraplusplus.com,robots,https://auraplusplus.com/robots.txt,200,591
betalist.com,home,https://betalist.com,200,225754
betalist.com,pricing,https://betalist.com/pricing,404,2081
betalist.com,submit,https://betalist.com/submit,200,31083
betalist.com,robots,https://betalist.com/robots.txt,200,99
aixploria.com,home,https://aixploria.com,200,307831
aixploria.com,pricing,https://aixploria.com/pricing,404,71901
aixploria.com,submit,https://aixploria.com/submit,200,75689
aixploria.com,robots,https://aixploria.com/robots.txt,200,521
devhunt.org,home,https://devhunt.org,200,17226
devhunt.org,pricing,https://devhunt.org/pricing,200,18725
devhunt.org,submit,https://devhunt.org/submit,200,18717
devhunt.org,robots,https://devhunt.org/robots.txt,200,83
earlyhunt.com,home,https://earlyhunt.com,200,1604832
earlyhunt.com,pricing,https://earlyhunt.com/pricing,200,161735
earlyhunt.com,submit,https://earlyhunt.com/submit,200,79842
earlyhunt.com,robots,https://earlyhunt.com/robots.txt,200,207
f6s.com,home,https://f6s.com,200,6969
f6s.com,pricing,https://f6s.com/pricing,200,6969
f6s.com,submit,https://f6s.com/submit,200,6969
f6s.com,robots,https://f6s.com/robots.txt,200,25485
fazier.com,home,https://fazier.com,200,301125
fazier.com,pricing,https://fazier.com/pricing,404,6713
fazier.com,submit,https://fazier.com/submit,200,36675
fazier.com,robots,https://fazier.com/robots.txt,200,386
firsto.co,home,https://firsto.co,200,422910
firsto.co,pricing,https://firsto.co/pricing,200,251623
firsto.co,submit,https://firsto.co/submit,404,112963
firsto.co,robots,https://firsto.co/robots.txt,200,2695
foundrlist.com,home,https://foundrlist.com,200,817519
foundrlist.com,pricing,https://foundrlist.com/pricing,200,123562
foundrlist.com,submit,https://foundrlist.com/submit,200,135062
foundrlist.com,robots,https://foundrlist.com/robots.txt,200,1567
huntscreens.com,home,https://huntscreens.com,200,816031
huntscreens.com,pricing,https://huntscreens.com/pricing,404,9452
huntscreens.com,submit,https://huntscreens.com/submit,200,209131
huntscreens.com,robots,https://huntscreens.com/robots.txt,200,7085
indiehackers.com,home,https://indiehackers.com,200,184613
indiehackers.com,pricing,https://indiehackers.com/pricing,200,26117
indiehackers.com,submit,https://indiehackers.com/submit,200,21899
indiehackers.com,robots,https://indiehackers.com/robots.txt,403,5718
indiehunt.io,home,https://indiehunt.io,200,1886307
indiehunt.io,pricing,https://indiehunt.io/pricing,200,147398
indiehunt.io,submit,https://indiehunt.io/submit,200,80224
indiehunt.io,robots,https://indiehunt.io/robots.txt,200,205
launchingnext.com,home,https://launchingnext.com,200,33792
launchingnext.com,pricing,https://launchingnext.com/pricing,404,33792
launchingnext.com,submit,https://launchingnext.com/submit,200,13273
launchingnext.com,robots,https://launchingnext.com/robots.txt,200,630
launchdirectories.com,home,https://launchdirectories.com,200,556749
launchdirectories.com,pricing,https://launchdirectories.com/pricing,200,212309
launchdirectories.com,submit,https://launchdirectories.com/submit,200,212309
launchdirectories.com,robots,https://launchdirectories.com/robots.txt,200,1960
launchllama.co,home,https://launchllama.co,200,946889
launchllama.co,pricing,https://launchllama.co/pricing,404,319883
launchllama.co,submit,https://launchllama.co/submit,404,319881
launchllama.co,robots,https://launchllama.co/robots.txt,200,551
launchigniter.com,home,https://launchigniter.com,200,468166
launchigniter.com,pricing,https://launchigniter.com/pricing,200,106467
launchigniter.com,submit,https://launchigniter.com/submit,200,54343
launchigniter.com,robots,https://launchigniter.com/robots.txt,200,545
launchpanda.dev,home,https://launchpanda.dev,200,232080
launchpanda.dev,pricing,https://launchpanda.dev/pricing,404,71217
launchpanda.dev,submit,https://launchpanda.dev/submit,404,71217
launchpanda.dev,robots,https://launchpanda.dev/robots.txt,200,352
listmy.site,home,https://listmy.site,200,191497
listmy.site,pricing,https://listmy.site/pricing,404,15764
listmy.site,submit,https://listmy.site/submit,404,15764
listmy.site,robots,https://listmy.site/robots.txt,200,263
listingbott.com,home,https://listingbott.com,200,187784
listingbott.com,pricing,https://listingbott.com/pricing,404,305
listingbott.com,submit,https://listingbott.com/submit,404,305
listingbott.com,robots,https://listingbott.com/robots.txt,200,284
makerhunt.io,home,https://makerhunt.io,200,541913
makerhunt.io,pricing,https://makerhunt.io/pricing,200,93254
makerhunt.io,submit,https://makerhunt.io/submit,200,50287
makerhunt.io,robots,https://makerhunt.io/robots.txt,200,66
microlaunch.net,home,https://microlaunch.net,200,2561601
microlaunch.net,pricing,https://microlaunch.net/pricing,404,47802
microlaunch.net,submit,https://microlaunch.net/submit,200,122155
microlaunch.net,robots,https://microlaunch.net/robots.txt,200,482
openalternative.co,home,https://openalternative.co,200,1184010
openalternative.co,pricing,https://openalternative.co/pricing,200,266247
openalternative.co,submit,https://openalternative.co/submit,200,346868
openalternative.co,robots,https://openalternative.co/robots.txt,200,125
outbid.lol,home,https://outbid.lol,429,33809
outbid.lol,pricing,https://outbid.lol/pricing,429,33788
outbid.lol,submit,https://outbid.lol/submit,429,33795
outbid.lol,robots,https://outbid.lol/robots.txt,429,33796
peerlist.io,home,https://peerlist.io,200,137841
peerlist.io,pricing,https://peerlist.io/pricing,404,23321
peerlist.io,submit,https://peerlist.io/submit,404,23321
peerlist.io,robots,https://peerlist.io/robots.txt,200,23
peerpush.com,home,https://peerpush.com,200,1404003
peerpush.com,pricing,https://peerpush.com/pricing,200,359147
peerpush.com,submit,https://peerpush.com/submit,200,126921
peerpush.com,robots,https://peerpush.com/robots.txt,200,973
peerpush.net,home,https://peerpush.net,200,1404891
peerpush.net,pricing,https://peerpush.net/pricing,200,358563
peerpush.net,submit,https://peerpush.net/submit,200,126730
peerpush.net,robots,https://peerpush.net/robots.txt,200,973
pitchwall.co,home,https://pitchwall.co,200,144074
pitchwall.co,pricing,https://pitchwall.co/pricing,404,38398
pitchwall.co,submit,https://pitchwall.co/submit,200,67305
pitchwall.co,robots,https://pitchwall.co/robots.txt,200,502
producthunt.com,home,https://producthunt.com,403,5683
producthunt.com,pricing,https://producthunt.com/pricing,403,5704
producthunt.com,submit,https://producthunt.com/submit,403,5701
producthunt.com,robots,https://producthunt.com/robots.txt,403,5713
postingdude.com,home,https://postingdude.com,200,69478
postingdude.com,pricing,https://postingdude.com/pricing,200,71399
postingdude.com,submit,https://postingdude.com/submit,404,22393
postingdude.com,robots,https://postingdude.com/robots.txt,200,181
saashub.com,home,https://saashub.com,200,214348
saashub.com,pricing,https://saashub.com/pricing,200,76719
saashub.com,submit,https://saashub.com/submit,200,116428
saashub.com,robots,https://saashub.com/robots.txt,200,309
saasgrow.app,home,https://saasgrow.app,200,183820
saasgrow.app,pricing,https://saasgrow.app/pricing,200,55157
saasgrow.app,submit,https://saasgrow.app/submit,200,45279
saasgrow.app,robots,https://saasgrow.app/robots.txt,200,146
scrolllaunch.com,home,https://scrolllaunch.com,200,552248
scrolllaunch.com,pricing,https://scrolllaunch.com/pricing,200,360736
scrolllaunch.com,submit,https://scrolllaunch.com/submit,404,223110
scrolllaunch.com,robots,https://scrolllaunch.com/robots.txt,200,4530
sidehunt.io,home,https://sidehunt.io,200,556278
sidehunt.io,pricing,https://sidehunt.io/pricing,200,98324
sidehunt.io,submit,https://sidehunt.io/submit,200,55578
sidehunt.io,robots,https://sidehunt.io/robots.txt,200,100
softwareworld.co,home,https://softwareworld.co,403,5731
softwareworld.co,pricing,https://softwareworld.co/pricing,403,5752
softwareworld.co,submit,https://softwareworld.co/submit,403,5749
softwareworld.co,robots,https://softwareworld.co/robots.txt,200,1069
sideprojectors.com,home,https://sideprojectors.com,200,57248
sideprojectors.com,pricing,https://sideprojectors.com/pricing,200,57256
sideprojectors.com,submit,https://sideprojectors.com/submit,200,57255
sideprojectors.com,robots,https://sideprojectors.com/robots.txt,200,285
startupa.ge,home,https://startupa.ge,200,310253
startupa.ge,pricing,https://startupa.ge/pricing,200,310253
startupa.ge,submit,https://startupa.ge/submit,404,15578
startupa.ge,robots,https://startupa.ge/robots.txt,200,902
startupbase.io,home,https://startupbase.io,200,236879
startupbase.io,pricing,https://startupbase.io/pricing,404,21176
startupbase.io,submit,https://startupbase.io/submit,200,21412
startupbase.io,robots,https://startupbase.io/robots.txt,200,4465
startups.fyi,home,https://startups.fyi,200,87789
startups.fyi,pricing,https://startups.fyi/pricing,404,5371
startups.fyi,submit,https://startups.fyi/submit,404,5371
startups.fyi,robots,https://startups.fyi/robots.txt,200,45
startupsubmit.app,home,https://startupsubmit.app,200,343139
startupsubmit.app,pricing,https://startupsubmit.app/pricing,404,4511
startupsubmit.app,submit,https://startupsubmit.app/submit,404,4511
startupsubmit.app,robots,https://startupsubmit.app/robots.txt,200,1125
submitsaas.com,home,https://submitsaas.com,200,156558
submitsaas.com,pricing,https://submitsaas.com/pricing,200,78213
submitsaas.com,submit,https://submitsaas.com/submit,404,40591
submitsaas.com,robots,https://submitsaas.com/robots.txt,200,89
startuptrusted.com,home,https://startuptrusted.com,200,258295
startuptrusted.com,pricing,https://startuptrusted.com/pricing,200,29223
startuptrusted.com,submit,https://startuptrusted.com/submit,200,25018
startuptrusted.com,robots,https://startuptrusted.com/robots.txt,200,112
theresanaiforthat.com,home,https://theresanaiforthat.com,200,5814223
theresanaiforthat.com,pricing,https://theresanaiforthat.com/pricing,403,5689
theresanaiforthat.com,submit,https://theresanaiforthat.com/submit,403,5689
theresanaiforthat.com,robots,https://theresanaiforthat.com/robots.txt,200,576
tinylaunch.com,home,https://tinylaunch.com,200,229694
tinylaunch.com,pricing,https://tinylaunch.com/pricing,200,62775
tinylaunch.com,submit,https://tinylaunch.com/submit,200,31633
tinylaunch.com,robots,https://tinylaunch.com/robots.txt,200,476
trustmrr.com,home,https://trustmrr.com,200,1310049
trustmrr.com,pricing,https://trustmrr.com/pricing,404,63247
trustmrr.com,submit,https://trustmrr.com/submit,404,63247
trustmrr.com,robots,https://trustmrr.com/robots.txt,200,216
toolfolio.io,home,https://toolfolio.io,200,1838508
toolfolio.io,pricing,https://toolfolio.io/pricing,200,204674
toolfolio.io,submit,https://toolfolio.io/submit,200,204671
toolfolio.io,robots,https://toolfolio.io/robots.txt,200,481
uno.directory,home,https://uno.directory,200,236997
uno.directory,pricing,https://uno.directory/pricing,200,139813
uno.directory,submit,https://uno.directory/submit,200,59819
uno.directory,robots,https://uno.directory/robots.txt,200,116
uneed.best,home,https://uneed.best,200,393481
uneed.best,pricing,https://uneed.best/pricing,200,164812
uneed.best,submit,https://uneed.best/submit,404,43591
uneed.best,robots,https://uneed.best/robots.txt,200,159
